paid,year,country,ccode1,ccode2,PrevAgmt,PrevAgmt_Bin,Lgt,post_1990,post_2005
24,2015,South Sudan,SSU,SSD,3,1,15,1,1
28,2015,South Sudan,SSU,SSD,4,1,6,1,1
29,2015,South Sudan,SSU,SSD,5,1,75,1,1
30,2015,Mali,MLI,MLI,5,1,25,1,1
31,2012,South Sudan,SSU,SSD,0,0,4,1,1
1002,1993,Rwanda,RWA,RWA,6,1,101,1,0
1003,2000,Burundi,BUI,BDI,1,1,93,1,0
1004,1999,DR Congo ,ZAI,COD,0,0,30,1,0
1005,2002,DR Congo ,ZAI,COD,3,1,20,1,0
1008,2000,Eritrea ,ERI,ERI,1,1,10,1,0
1009,1994,Djibouti,DJI,DJI,0,0,5,1,0
1010,2000,Djibouti,DJI,DJI,1,1,3,1,0
1011,1996,Sierra Leone,SIE,SLE,0,0,11,1,0
1013,1999,Sierra Leone,SIE,SLE,1,1,28,1,0
1014,1991,Liberia,LBR,LBR,3,1,5,1,0
1015,1993,Liberia,LBR,LBR,6,1,11,1,0
1016,1994,Liberia,LBR,LBR,7,1,7,1,0
1017,1995,Liberia,LBR,LBR,9,1,5,1,0
1018,1996,Liberia,LBR,LBR,10,1,2,1,0
1019,1998,Guinea Bissau,GNB,GNB,0,0,2,1,0
1020,1992,Mozambique,MZM,MOZ,6,1,55,1,0
1021,1989,Angola,ANG,AGO,0,0,2,0,0
1022,1991,Angola,ANG,AGO,1,1,2,1,0
1023,1994,Angola,ANG,AGO,2,1,66,1,0
1024,2000,Comoros,COM,COM,1,1,3,1,0
1025,2001,Comoros,COM,COM,2,1,6,1,0
1026,1999,"Congo, Rep.",CON,COG,1,1,5,1,0
1036,1993,Niger,NIR,NER,0,0,,1,0
1037,1994,Niger,NIR,NER,0,0,4,1,0
1038,1995,Niger,NIR,NER,1,1,9,1,0
1039,1991,Mali,MLI,MLI,0,0,2,1,0
1040,1992,Mali,MLI,MLI,2,1,2,1,0
1041,1991,Mali,MLI,MLI,1,1,,1,0
1042,1992,Chad,CHA,TCD,3,1,,1,0
1043,1993,Chad,CHA,TCD,4,1,,1,0
1044,1994,Chad,CHA,TCD,5,1,,1,0
1045,1997,Chad,CHA,TCD,8,1,,1,0
1046,1998,Chad,CHA,TCD,9,1,,1,0
1049,2002,Chad,CHA,TCD,11,1,2,1,0
1050,1993,Somalia,SOM,SOM,9,1,6,1,0
1057,1997,Bangladesh,BNG,BGD,0,0,14,1,0
1058,1995,Philippines,PHI,PHL,0,0,7,1,0
1060,1997,Somalia,SOM,SOM,11,1,9,1,0
1062,1991,Liberia,LBR,LBR,4,1,5,1,0
1063,1998,United Kingdom,UKG,GBR,0,0,60,1,0
1064,1996,Philippines,PHI,PHL,3,1,35,1,0
1065,2002,Burundi,BUI,BDI,2,1,12,1,0
1066,1993,Haiti,HAI,HTI,0,0,2,1,0
1069,1991,Serbia ,SER,SRB,0,0,3,1,0
1070,1996,Mexico,MEX,MEX,1,1,11,1,0
1071,1993,India,IND,IND,0,0,6,1,0
1072,1994,Bosnia and Herzegovina,BOS,BIH,1,1,19,1,0
1073,1995,Bosnia and Herzegovina,BOS,BIH,4,1,149,1,0
1074,1995,Croatia,CRO,HRV,0,0,3,1,0
1075,1990,Liberia,LBR,LBR,1,1,1,1,0
1076,1991,Papua New Guinea,PNG,PNG,1,1,4,1,0
1078,1994,Papua New Guinea,PNG,PNG,2,1,2,1,0
1079,1991,Colombia,COL,COL,6,1,16,1,0
1080,2001,Papua New Guinea,PNG,PNG,8,1,81,1,0
1081,1996,Guatemala,GUA,GTM,13,1,6,1,0
1082,1990,Guatemala,GUA,GTM,0,0,3,1,0
1083,1991,Guatemala,GUA,GTM,1,1,5,1,0
1084,1991,Guatemala,GUA,GTM,2,1,13,1,0
1085,1994,Guatemala,GUA,GTM,3,1,6,1,0
1086,1994,Guatemala,GUA,GTM,4,1,3,1,0
1087,1994,Guatemala,GUA,GTM,4,1,10,1,0
1088,1994,Guatemala,GUA,GTM,5,1,10,1,0
1089,1994,Guatemala,GUA,GTM,6,1,4,1,0
1090,1995,Guatemala,GUA,GTM,7,1,19,1,0
1091,1996,Guatemala,GUA,GTM,8,1,30,1,0
1092,1996,Guatemala,GUA,GTM,9,1,21,1,0
1093,1996,Guatemala,GUA,GTM,10,1,7,1,0
1094,1996,Guatemala,GUA,GTM,11,1,12,1,0
1095,1996,Guatemala,GUA,GTM,12,1,12,1,0
1097,1996,Guatemala,GUA,GTM,13,1,36,1,0
1098,2001,Macedonia,MAC,MAC,0,0,11,1,0
1099,2003,Burundi,BUI,BDI,5,1,4,1,0
1100,1990,Liberia,LBR,LBR,2,1,1,1,0
1101,2003,Liberia,LBR,LBR,12,1,40,1,0
1102,1990,El Salvador,SAL,SLV,0,0,3,1,0
1103,1990,El Salvador,SAL,SLV,1,1,4,1,0
1104,1990,El Salvador,SAL,SLV,2,1,6,1,0
1105,1991,El Salvador,SAL,SLV,3,1,18,1,0
1106,1991,El Salvador,SAL,SLV,4,1,7,1,0
1107,1991,El Salvador,SAL,SLV,4,1,3,1,0
1108,1991,El Salvador,SAL,SLV,5,1,2,1,0
1109,1992,El Salvador,SAL,SLV,6,1,1,1,0
1110,1992,El Salvador,SAL,SLV,6,1,70,1,0
1111,2002,Indonesia,INS,IDN,1,1,6,1,0
1113,1991,Cambodia ,CAM,KHM,0,0,2,1,0
1116,1994,Chad,CHA,TCD,6,1,,1,0
1117,1995,Chad,CHA,TCD,7,1,,1,0
1118,1999,Chad,CHA,TCD,10,1,,1,0
1119,1997,Tajikistan,TAJ,TJK,7,1,7,1,0
1120,2002,Colombia,COL,COL,13,1,6,1,0
1121,1993,India,IND,IND,6,1,4,1,0
1122,2001,Colombia,COL,COL,11,1,2,1,0
1123,1997,Moldova,MLD,MDA,0,0,2,1,0
1125,1998,Ecuador ,ECU,ECU,0,0,2,1,0
1126,2002,Angola,ANG,AGO,3,1,65,1,0
1127,2003,Comoros,COM,COM,3,1,8,1,0
1128,1993,Afghanistan,AFG,AFG,1,1,7,1,0
1130,1994,Georgia,GRG,GEO,3,1,2,1,0
1131,1996,Afghanistan,AFG,AFG,3,1,,1,0
1132,1993,Afghanistan,AFG,AFG,2,1,,1,0
1133,1993,Israel,ISR,ISR,0,0,18,1,0
1134,1994,Israel,ISR,ISR,1,1,12,1,0
1135,1994,Israel,ISR,ISR,2,1,27,1,0
1136,1995,Israel,ISR,ISR,4,1,31,1,0
1137,1997,Israel,ISR,ISR,5,1,9,1,0
1138,1998,Israel,ISR,ISR,6,1,9,1,0
1139,2003,Cote dIvoire,IVO,CIV,0,0,12,1,0
1140,1999,Israel,ISR,ISR,7,1,5,1,0
1141,2003,Liberia,LBR,LBR,11,1,4,1,0
1142,1994,Somalia,SOM,SOM,10,1,2,1,0
1143,2000,Sierra Leone,SIE,SLE,2,1,5,1,0
1144,1995,Tajikistan,TAJ,TJK,0,0,3,1,0
1145,2002,Uganda,UGA,UGA,2,1,11,1,0
1146,2001,Djibouti,DJI,DJI,2,1,9,1,0
1147,1996,Tajikistan,TAJ,TJK,1,1,5,1,0
1273,2005,Cote dIvoire,IVO,CIV,3,1,7,1,1
1274,2005,Chad,CHA,TCD,12,1,,1,1
1276,2005,Indonesia,INS,IDN,2,1,7,1,1
1277,2002,Sudan,SUD,SDN,1,1,9,1,0
1278,2003,Sudan,SUD,SDN,4,1,4,1,0
1279,2004,Sudan,SUD,SDN,6,1,63,1,0
1280,2004,Sudan,SUD,SDN,6,1,9,1,0
1281,2004,Sudan,SUD,SDN,6,1,18,1,0
1282,2005,Sudan,SUD,SDN,10,1,245,1,1
1283,2004,Cote dIvoire,IVO,CIV,2,1,7,1,0
1284,2004,Senegal,SEN,SEN,0,0,3,1,0
1285,2003,Burundi,BUI,BDI,4,1,4,1,0
1287,2003,Burundi,BUI,BDI,3,1,6,1,0
1288,2001,DR Congo ,ZAI,COD,1,1,3,1,0
1289,2003,DR Congo ,ZAI,COD,4,1,60,1,0
1290,2003,DR Congo ,ZAI,COD,5,1,95,1,0
1291,2002,DR Congo ,ZAI,COD,2,1,9,1,0
1292,2003,Cote dIvoire,IVO,CIV,1,1,2,1,0
1299,1994,Liberia,LBR,LBR,8,1,4,1,0
1300,1992,Liberia,LBR,LBR,5,1,3,1,0
1301,1990,Liberia,LBR,LBR,0,0,2,1,0
1302,1991,Mozambique,MZM,MOZ,2,1,2,1,0
1303,1991,Mozambique,MZM,MOZ,3,1,4,1,0
1306,1992,Mozambique,MZM,MOZ,4,1,7,1,0
1307,1992,Mozambique,MZM,MOZ,5,1,4,1,0
1308,1991,Mozambique,MZM,MOZ,1,1,2,1,0
1310,2004,Sudan,SUD,SDN,5,1,19,1,0
1312,1997,Tajikistan,TAJ,TJK,3,1,5,1,0
1313,1997,Tajikistan,TAJ,TJK,2,1,2,1,0
1315,1997,Tajikistan,TAJ,TJK,5,1,2,1,0
1317,1997,Tajikistan,TAJ,TJK,6,1,4,1,0
1318,1997,Tajikistan,TAJ,TJK,4,1,7,1,0
1320,1991,Rwanda,RWA,RWA,0,0,8,1,0
1321,1992,Rwanda,RWA,RWA,1,1,7,1,0
1322,1993,Rwanda,RWA,RWA,3,1,13,1,0
1323,1993,Rwanda,RWA,RWA,4,1,15,1,0
1324,1993,Rwanda,RWA,RWA,5,1,100,1,0
1325,1993,Rwanda,RWA,RWA,5,1,11,1,0
1328,2001,Colombia,COL,COL,12,1,4,1,0
1329,1999,Colombia,COL,COL,9,1,4,1,0
1332,2001,Philippines,PHI,PHL,4,1,4,1,0
1333,2006,Cameroon ,CAO,CMR,0,0,5,1,1
1334,2006,Sudan,SUD,SDN,14,1,115,1,1
1335,2006,Burundi,BUI,BDI,7,1,11,1,1
1336,2006,Burundi,BUI,BDI,8,1,20,1,1
1337,2006,Nepal,NEP,NPL,3,1,13,1,1
1338,2006,Chad,CHA,TCD,13,1,,1,1
1351,2005,Sudan,SUD,SDN,12,1,8,1,1
1352,2005,Sudan,SUD,SDN,11,1,,1,1
1353,2006,Angola,ANG,AGO,0,0,75,1,1
1354,2007,Israel,ISR,ISR,8,1,2,1,1
1355,2007,Central African Republic,CEN,CAF,0,0,2,1,1
1359,2007,Cote dIvoire,IVO,CIV,5,1,10,1,1
1360,2007,Cote dIvoire,IVO,CIV,6,1,1,1,1
1361,2007,Cote dIvoire,IVO,CIV,7,1,2,1,1
1362,2007,Cote dIvoire,IVO,CIV,7,1,1,1,1
1367,2007,Uganda,UGA,UGA,3,1,13,1,1
1368,2007,Uganda,UGA,UGA,4,1,11,1,1
1373,2008,Central African Republic,CEN,CAF,1,1,5,1,1
1374,2008,Somalia,SOM,SOM,12,1,3,1,1
1376,2008,Cote dIvoire,IVO,CIV,8,1,5,1,1
1377,2008,Uganda,UGA,UGA,5,1,8,1,1
1378,2008,Uganda,UGA,UGA,6,1,8,1,1
1379,2008,Uganda,UGA,UGA,7,1,9,1,1
1380,2008,Uganda,UGA,UGA,8,1,9,1,1
1381,2008,Uganda,UGA,UGA,9,1,9,1,1
1384,2009,DR Congo ,ZAI,COD,6,1,8,1,1
1385,2008,Somalia,SOM,SOM,14,1,2,1,1
1386,2008,Burundi,BUI,BDI,11,1,2,1,1
1387,1985,Uganda,UGA,UGA,0,0,14,0,0
1388,1988,Uganda,UGA,UGA,1,1,3,0,0
1389,1978,South Africa,SAF,ZAF,0,0,9,0,0
1391,1984,Mozambique,MZM,MOZ,0,0,1,0,0
1393,1990,South Africa,SAF,ZAF,0,0,2,1,0
1394,1990,South Africa,SAF,ZAF,1,1,3,1,0
1395,1991,South Africa,SAF,ZAF,2,1,2,1,0
1396,1992,South Africa,SAF,ZAF,3,1,3,1,0
1397,1993,South Africa,SAF,ZAF,4,1,72,1,0
1399,1979,Zimbabwe ,ZIM,ZWE,1,1,57,0,0
1402,1975,Zimbabwe ,ZIM,ZWE,0,0,2,0,0
1403,1979,Mauritania,MAA,MRT,0,0,4,0,0
1404,1988,Sudan,SUD,SDN,0,0,2,0,0
1405,1983,Chad ,CHA,TCD,0,0,,0,0
1406,1975,Iran ,IRN,IRN,0,0,79,0,0
1407,1975,Iran ,IRN,IRN,1,1,79,0,0
1408,1975,Iran ,IRN,IRN,2,1,79,0,0
1409,1975,Iran ,IRN,IRN,3,1,79,0,0
1410,1975,Iran ,IRN,IRN,4,1,3,0,0
1411,1975,Iran ,IRN,IRN,5,1,79,0,0
1412,1975,Iran ,IRN,IRN,5,1,79,0,0
1413,1975,Iran ,IRN,IRN,5,1,7,0,0
1414,1975,Iran ,IRN,IRN,5,1,8,0,0
1415,1975,Iran ,IRN,IRN,5,1,79,0,0
1416,1975,Iran ,IRN,IRN,5,1,79,0,0
1417,1975,Iran ,IRN,IRN,5,1,3,0,0
1420,1989,Chad ,CHA,TCD,0,0,3,0,0
1421,1994,Chad ,CHA,TCD,1,1,3,1,0
1422,1976,Philippines,PHI,PHL,0,0,5,0,0
1423,1988,India,IND,IND,5,1,3,0,0
1424,1987,Philippines,PHI,PHL,1,1,5,0,0
1425,1979,Yemen ,YEM,YEM,0,0,11,0,0
1426,1978,Chad,CHA,TCD,1,1,,0,0
1427,1978,Chad,CHA,TCD,0,0,,0,0
1428,1979,Chad,CHA,TCD,2,1,,0,0
1430,2010,Sudan,SUD,SDN,15,1,3,1,1
1432,2010,Djibouti ,DJI,DJI,0,0,1,1,1
1433,2011,Central African Republic,CEN,CAF,2,1,,1,1
1434,2011,Sudan,SUD,SDN,16,1,7,1,1
1436,2006,Nepal,NEP,NPL,2,1,7,1,1
1437,2006,Nepal,NEP,NPL,1,1,3,1,1
1438,2006,Nepal,NEP,NPL,0,0,4,1,1
1439,2012,Philippines,PHI,PHL,9,1,14,1,1
1444,2012,South Sudan ,SSU,SSD,0,0,7,1,1
1447,2012,Colombia,COL,COL,14,1,3,1,1
1454,2012,Central African Republic,CEN,CAF,4,1,3,1,1
1456,2012,South Sudan ,SSU,SSD,0,0,75,1,1
1457,2012,South Sudan ,SSU,SSD,0,0,4,1,1
1468,2013,DR Congo ,ZAI,COD,7,1,2,1,1
1469,2013,Central African Republic,CEN,CAF,5,1,2,1,1
1470,2013,Philippines,PHI,PHL,10,1,6,1,1
1471,2013,Philippines,PHI,PHL,11,1,8,1,1
1472,2013,Philippines,PHI,PHL,12,1,12,1,1
1476,2014,Philippines,PHI,PHL,13,1,10,1,1
1477,2014,Philippines,PHI,PHL,14,1,5,1,1
1478,2014,Philippines,PHI,PHL,13,1,3,1,1
1480,2014,South Sudan,SSU,SSD,1,1,15,1,1
1482,2014,South Sudan,SSU,SSD,1,1,3,1,1
1483,2014,Sudan,SUD,SDN,17,1,2,1,1
1484,2014,South Sudan,SSU,SSD,2,1,7,1,1
1485,2015,Myanmar ,MYA,MMR,2,1,12,1,1
1486,2015,Central African Republic,CEN,CAF,7,1,8,1,1
1487,2016,Colombia,COL,COL,21,1,323,1,1
1488,2016,Afghanistan,AFG,AFG,4,1,4,1,1
1489,2003,Burundi,BUI,BDI,4,1,26,1,0
1490,2008,Burundi,BUI,BDI,9,1,1,1,1
1491,2008,Burundi,BUI,BDI,10,1,3,1,1
1493,2011,Central African Republic,CEN,CAF,3,1,4,1,1
1494,2013,Central African Republic,CEN,CAF,5,1,3,1,1
1495,2013,Central African Republic,CEN,CAF,5,1,4,1,1
1497,2015,Central African Republic,CEN,CAF,6,1,5,1,1
1498,2017,Central African Republic,CEN,CAF,8,1,10,1,1
1499,2007,Chad,CHA,TCD,14,1,3,1,1
1501,1984,Colombia,COL,COL,0,0,4,0,0
1502,1990,Colombia,COL,COL,1,1,4,1,0
1503,1991,Colombia,COL,COL,7,1,2,1,0
1505,1998,Colombia,COL,COL,8,1,3,1,0
1506,2013,Colombia,COL,COL,16,1,25,1,1
1507,2014,Colombia,COL,COL,17,1,22,1,1
1508,2016,Colombia,COL,COL,20,1,12,1,1
1511,2000,Eritrea ,ERI,ERI,0,0,3,1,0
1512,1999,India ,IND,IND,0,0,2,1,0
1513,1999,India ,IND,IND,0,0,2,1,0
1514,2015,India,IND,IND,0,0,1,1,1
1515,1995,Israel,ISR,ISR,3,1,10,1,0
1517,2015,Mali,MLI,MLI,4,1,3,1,1
1518,2012,Myanmar ,MYA,MMR,0,0,1,1,1
1520,2011,Nepal,NEP,NPL,4,1,3,1,1
1521,1988,Nicaragua,NIC,NIC,7,1,2,0,0
1522,1990,Nicaragua,NIC,NIC,8,1,3,1,0
1523,1992,Rwanda,RWA,RWA,2,1,24,1,0
1524,1993,Philippines,PHI,PHL,2,1,5,1,0
1526,2005,Philippines,PHI,PHL,5,1,2,1,1
1527,2006,Philippines,PHI,PHL,6,1,4,1,1
1528,2006,Philippines,PHI,PHL,7,1,2,1,1
1529,2006,Philippines,PHI,PHL,7,1,2,1,1
1530,2012,Philippines,PHI,PHL,8,1,2,1,1
1531,2013,South Sudan ,SSU,SSD,1,1,19,1,1
1532,2004,Burundi,BUI,BDI,6,1,5,1,0
1533,1998,Burundi,BUI,BDI,0,0,5,1,0
1534,1990,Yemen ,YEM,YEM,1,1,2,1,0
1535,2014,Yemen ,YEM,YEM,0,0,6,1,1
1536,2014,Ukraine,UKR,UKR,0,0,1,1,1
1537,2015,Ukraine,UKR,UKR,0,0,3,1,1
1539,1996,Tajikistan,TAJ,TJK,1,1,3,1,0
1542,2016,Sudan,SUD,SDN,18,1,4,1,1
1543,2004,Sudan,SUD,SDN,9,1,3,1,0
1545,2004,Sudan,SUD,SDN,7,1,5,1,0
1546,2004,Sudan,SUD,SDN,8,1,3,1,0
1547,2004,Sudan,SUD,SDN,9,1,33,1,0
1548,2004,Sudan,SUD,SDN,9,1,9,1,0
1549,2004,Sudan,SUD,SDN,9,1,11,1,0
1552,2002,Sudan,SUD,SDN,2,1,2,1,0
1553,2002,Sudan,SUD,SDN,3,1,3,1,0
1554,2005,Sudan,SUD,SDN,13,1,4,1,1
1556,2008,Somalia,SOM,SOM,13,1,1,1,1
1557,1990,Papua New Guinea,PNG,PNG,0,0,1,1,0
1558,1998,Papua New Guinea,PNG,PNG,3,1,13,1,0
1559,1999,Papua New Guinea,PNG,PNG,4,1,1,1,0
1560,1999,Papua New Guinea,PNG,PNG,5,1,3,1,0
1561,2000,Papua New Guinea,PNG,PNG,6,1,3,1,0
1562,2000,Papua New Guinea,PNG,PNG,7,1,1,1,0
1563,1997,Niger,NIR,NER,1,1,2,1,0
1564,1993,Bosnia and Herzegovina,BOS,BIH,0,0,3,1,0
1565,1992,Afghanistan,AFG,AFG,0,0,2,1,0
1566,1994,Bosnia and Herzegovina,BOS,BIH,2,1,26,1,0
1567,1994,Bosnia and Herzegovina,BOS,BIH,1,1,2,1,0
1568,1995,Bosnia and Herzegovina,BOS,BIH,2,1,2,1,0
1569,1995,Bosnia and Herzegovina,BOS,BIH,3,1,2,1,0
1570,1993,Bosnia and Herzegovina,BOS,BIH,0,0,23,1,0
1571,1991,Cambodia ,CAM,KHM,1,1,1,1,0
1572,1990,Colombia,COL,COL,2,1,3,1,0
1573,1990,Colombia,COL,COL,3,1,2,1,0
1574,1990,Colombia,COL,COL,4,1,3,1,0
1575,1991,Colombia,COL,COL,5,1,2,1,0
1576,1997,Comoros,COM,COM,0,0,3,1,0
1578,2000,Colombia,COL,COL,10,1,4,1,0
1579,2013,Colombia,COL,COL,15,1,2,1,1
1580,2015,Colombia,COL,COL,18,1,2,1,1
1581,2015,Colombia,COL,COL,19,1,63,1,1
1582,2003,"Congo, Rep.",CON,COG,2,1,2,1,0
1583,1998,Ecuador ,ECU,ECU,1,1,32,1,0
1591,1992,El Salvador,SAL,SLV,7,1,4,1,0
1592,1994,El Salvador,SAL,SLV,9,1,11,1,0
1593,1993,El Salvador,SAL,SLV,8,1,4,1,0
1594,1994,El Salvador,SAL,SLV,10,1,2,1,0
1596,1992,Georgia,GRG,GEO,0,0,3,1,0
1597,1993,Georgia,GRG,GEO,1,1,2,1,0
1598,1994,Georgia,GRG,GEO,2,1,3,1,0
1599,1998,Guinea Bissau,GNB,GNB,1,1,2,1,0
1600,2002,Indonesia,INS,IDN,0,0,1,1,0
1608,2005,Cote dIvoire,IVO,CIV,4,1,4,1,1
1609,2013,Mali,MLI,MLI,3,1,9,1,1
1610,1995,Mexico,MEX,MEX,0,0,6,1,0
1611,2015,Myanmar ,MYA,MMR,1,1,1,1,1
1613,2011,Myanmar ,MYA,MMR,0,0,1,1,1
1614,1999,"Congo, Rep.",CON,COG,0,0,14,1,0
1615,1996,Mexico,MEX,MEX,1,1,9,1,0
1616,1996,Mexico,MEX,MEX,1,1,36,1,0
1617,1996,Mexico,MEX,MEX,1,1,7,1,0
1618,1996,Mexico,MEX,MEX,1,1,8,1,0
1619,2018,Eritrea ,ERI,ERI,3,1,2,1,1
1620,2018,Eritrea ,ERI,ERI,2,1,1,1,1
1621,2018,Ethiopia,ETH,ETH,0,0,1,1,1
1624,2018,Myanmar ,MYA,1,0,0,,1,1
1625,2018,South Sudan,SSU,SSD,8,1,122,1,1
1639,2019,Mozambique,MZM,MOZ,7,1,17,1,1
1640,1990,Lebanon,LEB,LBN,0,0,8,1,0
1641,2019,Central African Republic,CEN,CAF,0,0,21,1,1
1642,2019,Sudan,SUD,SDN,21,1,5,1,1
1643,2019,Sudan,SUD,SDN,19,1,3,1,1
1644,2019,Sudan,SUD,SDN,22,1,4,1,1
1647,2020,Sudan,SUD,SDN,27,1,245,1,1
1648,2020,Sudan,SUD,SDN,23,1,13,1,1
1649,2020,Sudan,SUD,SDN,24,1,9,1,1
1652,2020,Sudan,SUD,SDN,26,1,1,1,1
1656,2021,Kyrgyzstan ,KYR,KGZ,0,0,1,1,1
1657,2020,South Sudan,SSU,SSD,9,1,4,1,1
1658,2020,Myanmar ,MYA,MMR,3,1,6,1,1
1659,2020,India,IND,IND,1,1,10,1,1
1660,2018,South Sudan,SSU,SSD,7,1,13,1,1
1661,2018,South Sudan,SSU,SSD,6,1,4,1,1
1662,2019,Sudan,SUD,SDN,20,1,3,1,1
1663,2021,Sudan,SUD,SDN,28,1,4,1,1
1646,2020,,,,24,1,,1,1